Time,Abstich GOK
2024-12-19 16:00:00,-28.30 mm
2024-12-19 19:00:00,-31.44 mm
2024-12-19 22:00:00,-30.79 mm
2024-12-20 07:00:00,-33.32 mm
2024-12-20 10:00:00,-32.78 mm
2024-12-20 16:00:00,-34.13 mm
2024-12-20 19:00:00,-35.29 mm
2024-12-20 22:00:00,-35.38 mm
2024-12-21 04:00:00,-34.19 mm
2024-12-21 07:00:00,-32.61 mm
2024-12-21 10:00:00,-32.58 mm
2024-12-21 16:00:00,-32.26 mm
2024-12-21 19:00:00,-29.26 mm
2024-12-22 04:00:00,-26.19 mm
2024-12-22 07:00:00,-21.89 mm
2024-12-22 10:00:00,-21.60 mm
2024-12-22 16:00:00,-20.60 mm
2024-12-22 22:00:00,-22.67 mm
2024-12-23 04:00:00,-23.15 mm
2024-12-23 07:00:00,-21.52 mm
2024-12-23 10:00:00,-20.61 mm
2024-12-23 16:00:00,-18.65 mm
2024-12-23 19:00:00,-21.91 mm
2024-12-23 22:00:00,-23.23 mm
2024-12-24 04:00:00,-24.15 mm
2024-12-24 07:00:00,-24.61 mm
2024-12-24 10:00:00,-24.51 mm
2024-12-24 16:00:00,-24.76 mm
2024-12-24 22:00:00,-24.56 mm
2024-12-25 04:00:00,-25.06 mm
2024-12-25 07:00:00,-25.15 mm
2024-12-25 10:00:00,-25.08 mm
2024-12-25 16:00:00,-25.35 mm
2024-12-25 19:00:00,-24.78 mm
2024-12-25 22:00:00,-25.11 mm
2024-12-26 04:00:00,-25.09 mm
2024-12-26 07:00:00,-25.40 mm
2024-12-26 10:00:00,-25.21 mm
2024-12-26 16:00:00,-25.45 mm
2024-12-26 19:00:00,-25.38 mm
2024-12-26 22:00:00,-25.31 mm
2024-12-27 04:00:00,-25.10 mm
2024-12-27 07:00:00,-24.94 mm
2024-12-27 10:00:00,-25.04 mm
2024-12-27 16:00:00,-24.93 mm
2024-12-27 19:00:00,-24.86 mm
2024-12-27 22:00:00,-24.64 mm
2024-12-28 04:00:00,-24.28 mm
2024-12-28 07:00:00,-24.19 mm
2024-12-28 10:00:00,-24.87 mm
2024-12-28 16:00:00,-24.38 mm
2024-12-28 22:00:00,-24.76 mm
2024-12-29 04:00:00,-24.71 mm
2024-12-29 07:00:00,-25.06 mm
2024-12-29 10:00:00,-24.80 mm
2024-12-29 16:00:00,-23.86 mm
2024-12-29 19:00:00,-24.18 mm
2024-12-30 04:00:00,-22.90 mm
2024-12-30 07:00:00,-23.35 mm
2024-12-30 10:00:00,-23.72 mm
2024-12-30 16:00:00,-21.58 mm
2024-12-30 19:00:00,-20.86 mm
2024-12-30 22:00:00,-21.81 mm
2024-12-31 04:00:00,-22.22 mm
2024-12-31 07:00:00,-23.57 mm
2024-12-31 10:00:00,-23.40 mm
2024-12-31 16:00:00,-23.44 mm
2024-12-31 19:00:00,-23.28 mm
2024-12-31 22:00:00,-18.69 mm
2025-01-01 04:00:00,-19.11 mm
2025-01-01 07:00:00,-18.78 mm
2025-01-01 10:00:00,-19.40 mm
2025-01-01 16:00:00,-16.46 mm
2025-01-01 19:00:00,-15.52 mm
2025-01-01 22:00:00,-15.39 mm
2025-01-02 04:00:00,-14.50 mm
2025-01-02 07:00:00,-17.66 mm
2025-01-02 10:00:00,-19.43 mm
2025-01-02 16:00:00,-19.52 mm
2025-01-02 19:00:00,-19.74 mm
2025-01-02 22:00:00,-19.38 mm
2025-01-03 07:00:00,-19.34 mm
2025-01-03 10:00:00,-16.81 mm
2025-01-03 16:00:00,-15.01 mm
2025-01-03 19:00:00,-17.74 mm
2025-01-03 22:00:00,-19.73 mm
2025-01-04 04:00:00,-20.78 mm
2025-01-04 07:00:00,-21.34 mm
2025-01-04 16:00:00,-21.25 mm
2025-01-04 19:00:00,-20.97 mm
2025-01-04 22:00:00,-20.72 mm
2025-01-05 04:00:00,-20.51 mm
2025-01-05 07:00:00,-20.18 mm
2025-01-05 10:00:00,-18.81 mm
2025-01-05 16:00:00,-9.19 mm
2025-01-05 19:00:00,-4.81 mm
2025-01-05 22:00:00,502.31 µm
2025-01-06 04:00:00,3.98 mm
2025-01-06 07:00:00,5.95 mm
2025-01-06 10:00:00,6.95 mm
2025-01-06 16:00:00,8.89 mm
2025-01-06 19:00:00,15.80 mm
2025-01-06 22:00:00,11.79 mm
2025-01-07 04:00:00,8.43 mm
2025-01-07 07:00:00,7.60 mm
2025-01-07 10:00:00,7.36 mm
2025-01-07 16:00:00,8.36 mm
2025-01-08 07:00:00,8.74 mm
2025-01-08 10:00:00,7.79 mm
2025-01-08 19:00:00,5.89 mm
2025-01-08 22:00:00,5.62 mm
2025-01-09 04:00:00,6.10 mm
2025-01-09 07:00:00,6.07 mm
2025-01-09 10:00:00,6.47 mm
2025-01-09 16:00:00,8.00 mm
2025-01-10 10:00:00,7.36 mm
2025-01-10 16:00:00,9.37 mm
2025-01-10 19:00:00,7.90 mm
2025-01-10 22:00:00,8.04 mm
2025-01-11 04:00:00,7.58 mm
2025-01-11 07:00:00,7.39 mm
2025-01-11 16:00:00,6.47 mm
2025-01-11 19:00:00,6.26 mm
2025-01-11 22:00:00,5.87 mm
2025-01-12 04:00:00,5.76 mm
2025-01-12 07:00:00,5.05 mm
2025-01-12 10:00:00,5.04 mm
2025-01-12 16:00:00,4.89 mm
2025-01-12 19:00:00,4.31 mm
2025-01-12 22:00:00,4.33 mm
2025-01-13 04:00:00,4.28 mm
2025-01-13 07:00:00,4.11 mm
2025-01-13 10:00:00,3.92 mm
2025-01-13 16:00:00,3.40 mm
2025-01-13 19:00:00,3.55 mm
2025-01-13 22:00:00,3.76 mm
2025-01-14 04:00:00,3.51 mm
2025-01-14 07:00:00,2.26 mm
2025-01-14 16:00:00,2.25 mm
2025-01-14 19:00:00,2.76 mm
2025-01-15 04:00:00,3.60 mm
2025-01-15 07:00:00,3.61 mm
2025-01-15 10:00:00,3.53 mm
2025-01-15 19:00:00,3.85 mm
2025-01-15 22:00:00,3.81 mm
2025-01-16 04:00:00,3.85 mm
2025-01-16 07:00:00,3.70 mm
2025-01-16 10:00:00,3.59 mm
2025-01-16 16:00:00,3.71 mm
2025-01-16 19:00:00,3.63 mm
2025-01-16 22:00:00,3.56 mm
2025-01-17 04:00:00,3.60 mm
2025-01-17 07:00:00,3.46 mm
2025-01-17 10:00:00,3.25 mm
2025-01-17 16:00:00,3.26 mm
2025-01-17 19:00:00,3.30 mm
2025-01-17 22:00:00,3.40 mm
2025-01-18 04:00:00,3.56 mm
2025-01-18 07:00:00,3.54 mm
2025-01-18 10:00:00,3.39 mm
2025-01-18 16:00:00,3.48 mm
2025-01-18 19:00:00,3.51 mm
2025-01-18 22:00:00,3.47 mm
2025-01-19 04:00:00,3.61 mm
2025-01-19 07:00:00,3.63 mm
2025-01-19 10:00:00,3.57 mm
2025-01-19 16:00:00,3.68 mm
2025-01-19 19:00:00,3.61 mm
2025-01-19 22:00:00,3.62 mm
2025-01-20 04:00:00,3.60 mm
2025-01-20 07:00:00,3.47 mm
2025-01-20 10:00:00,3.32 mm
2025-01-20 16:00:00,3.22 mm
2025-01-20 19:00:00,3.10 mm
2025-01-20 22:00:00,2.91 mm
2025-01-21 04:00:00,2.88 mm
2025-01-21 07:00:00,2.67 mm
2025-01-21 10:00:00,2.43 mm
2025-01-21 16:00:00,2.52 mm
2025-01-21 19:00:00,2.62 mm
2025-01-21 22:00:00,2.85 mm
2025-01-22 04:00:00,2.78 mm
2025-01-22 07:00:00,3.14 mm
2025-01-22 10:00:00,3.12 mm
2025-01-22 16:00:00,2.98 mm
2025-01-22 19:00:00,2.94 mm
2025-01-22 22:00:00,3.38 mm
2025-01-23 04:00:00,7.65 mm
2025-01-23 07:00:00,11.60 mm
2025-01-23 10:00:00,13.41 mm
2025-01-23 16:00:00,12.26 mm
2025-01-23 19:00:00,10.97 mm
2025-01-23 22:00:00,11.56 mm
2025-01-24 04:00:00,11.75 mm
2025-01-24 07:00:00,11.29 mm
2025-01-24 10:00:00,10.91 mm
2025-01-24 16:00:00,12.74 mm
2025-01-24 19:00:00,16.22 mm
2025-01-24 22:00:00,15.68 mm
2025-01-25 04:00:00,15.94 mm
2025-01-25 07:00:00,23.04 mm
2025-01-25 10:00:00,29.27 mm
2025-01-25 16:00:00,29.81 mm
2025-01-25 19:00:00,28.84 mm
2025-01-26 04:00:00,30.71 mm
2025-01-26 07:00:00,31.26 mm
2025-01-26 10:00:00,31.04 mm
2025-01-26 19:00:00,30.49 mm
2025-01-27 07:00:00,32.07 mm
2025-01-27 10:00:00,33.64 mm
2025-01-27 16:00:00,32.77 mm
2025-01-27 19:00:00,31.63 mm
2025-01-27 22:00:00,31.02 mm
2025-01-28 04:00:00,30.56 mm
2025-01-28 07:00:00,29.76 mm
2025-01-28 16:00:00,28.43 mm
2025-01-28 19:00:00,28.13 mm
2025-01-28 22:00:00,27.49 mm
2025-01-29 04:00:00,27.33 mm
2025-01-29 10:00:00,33.72 mm
2025-01-29 16:00:00,32.30 mm
2025-01-29 19:00:00,28.99 mm
2025-01-29 22:00:00,28.90 mm
2025-01-30 07:00:00,28.12 mm
2025-01-30 22:00:00,33.46 mm
2025-01-31 04:00:00,32.84 mm
2025-01-31 10:00:00,31.64 mm
2025-01-31 16:00:00,30.86 mm
2025-01-31 19:00:00,29.78 mm
2025-01-31 22:00:00,28.96 mm
2025-02-01 04:00:00,28.36 mm
2025-02-01 07:00:00,28.04 mm
2025-02-01 10:00:00,29.06 mm
2025-02-01 16:00:00,27.92 mm
2025-02-01 22:00:00,26.80 mm
2025-02-02 04:00:00,26.74 mm
2025-02-02 07:00:00,26.52 mm
2025-02-02 10:00:00,28.14 mm
2025-02-02 19:00:00,25.98 mm
2025-02-02 22:00:00,24.97 mm
2025-02-03 04:00:00,25.12 mm
2025-02-03 07:00:00,24.43 mm
2025-02-03 10:00:00,24.53 mm
2025-02-03 16:00:00,24.08 mm
2025-02-03 19:00:00,23.79 mm
2025-02-03 22:00:00,22.94 mm
2025-02-04 04:00:00,22.95 mm
2025-02-04 07:00:00,22.01 mm
2025-02-04 10:00:00,22.73 mm
2025-02-04 16:00:00,22.05 mm
2025-02-04 19:00:00,22.03 mm
2025-02-04 22:00:00,21.28 mm
2025-02-05 04:00:00,21.06 mm
2025-02-05 07:00:00,20.51 mm
2025-02-05 10:00:00,20.21 mm
2025-02-05 16:00:00,19.97 mm
2025-02-05 19:00:00,19.81 mm
2025-02-05 22:00:00,19.56 mm
2025-02-06 04:00:00,19.31 mm
2025-02-06 07:00:00,19.16 mm
2025-02-06 10:00:00,18.59 mm
2025-02-06 16:00:00,18.58 mm
2025-02-06 19:00:00,18.62 mm
2025-02-06 22:00:00,18.69 mm
2025-02-07 04:00:00,18.57 mm
2025-02-07 07:00:00,18.24 mm
2025-02-07 10:00:00,18.08 mm
2025-02-07 16:00:00,18.20 mm
2025-02-07 19:00:00,18.18 mm
2025-02-07 22:00:00,18.09 mm
2025-02-08 04:00:00,18.25 mm
2025-02-08 10:00:00,17.17 mm
2025-02-08 16:00:00,16.86 mm
2025-02-08 19:00:00,17.08 mm
2025-02-08 22:00:00,16.91 mm
2025-02-09 04:00:00,16.85 mm
2025-02-09 07:00:00,16.56 mm
2025-02-09 10:00:00,15.76 mm
2025-02-09 16:00:00,15.40 mm
2025-02-09 19:00:00,15.29 mm
2025-02-09 22:00:00,15.14 mm
2025-02-10 04:00:00,15.00 mm
2025-02-10 07:00:00,15.05 mm
2025-02-10 10:00:00,14.36 mm
2025-02-11 04:00:00,14.92 mm
2025-02-11 07:00:00,22.16 mm
2025-02-11 10:00:00,22.34 mm
2025-02-11 16:00:00,22.16 mm
2025-02-11 19:00:00,21.84 mm
2025-02-11 22:00:00,21.72 mm
2025-02-12 04:00:00,21.64 mm
2025-02-12 07:00:00,21.49 mm
2025-02-12 10:00:00,21.17 mm
2025-02-12 16:00:00,21.06 mm
2025-02-12 22:00:00,20.63 mm
2025-02-13 04:00:00,20.51 mm
2025-02-13 07:00:00,20.58 mm
2025-02-13 10:00:00,20.24 mm
2025-02-13 16:00:00,20.66 mm
2025-02-13 19:00:00,20.16 mm
2025-02-13 22:00:00,19.89 mm
2025-02-14 04:00:00,19.57 mm
2025-02-14 07:00:00,19.19 mm
2025-02-14 10:00:00,18.78 mm
2025-02-14 16:00:00,18.76 mm
2025-02-14 19:00:00,18.70 mm
2025-02-14 22:00:00,18.60 mm
2025-02-15 04:00:00,18.62 mm
2025-02-15 07:00:00,18.43 mm
2025-02-15 10:00:00,18.03 mm
2025-02-15 16:00:00,18.10 mm
2025-02-15 19:00:00,18.18 mm
2025-02-15 22:00:00,17.72 mm
2025-02-16 04:00:00,17.90 mm
2025-02-16 07:00:00,17.30 mm
2025-02-16 10:00:00,17.76 mm
2025-02-16 16:00:00,16.79 mm
2025-02-16 19:00:00,16.56 mm
2025-02-16 22:00:00,16.20 mm
2025-02-17 04:00:00,16.03 mm
2025-02-17 07:00:00,15.99 mm
2025-02-17 10:00:00,16.07 mm
2025-02-17 16:00:00,15.28 mm
2025-02-17 19:00:00,14.48 mm
2025-02-17 22:00:00,15.08 mm
2025-02-18 04:00:00,14.98 mm
2025-02-18 07:00:00,14.43 mm
2025-02-18 10:00:00,13.42 mm
2025-02-18 16:00:00,13.42 mm
2025-02-18 19:00:00,13.02 mm
2025-02-18 22:00:00,12.82 mm
2025-02-19 04:00:00,13.00 mm
2025-02-19 07:00:00,12.68 mm
2025-02-19 10:00:00,10.91 mm
2025-02-19 16:00:00,11.51 mm
2025-02-19 19:00:00,11.18 mm
2025-02-19 22:00:00,11.11 mm
2025-02-20 04:00:00,11.16 mm
2025-02-20 07:00:00,10.16 mm
2025-02-20 10:00:00,9.73 mm
2025-02-20 16:00:00,10.06 mm
2025-02-20 22:00:00,10.03 mm
2025-02-21 04:00:00,10.17 mm
2025-02-21 07:00:00,10.17 mm
2025-02-21 10:00:00,9.75 mm
2025-02-21 16:00:00,9.42 mm
2025-02-21 19:00:00,9.92 mm
2025-02-21 22:00:00,9.96 mm
2025-02-22 04:00:00,10.86 mm
2025-02-22 07:00:00,10.44 mm
2025-02-22 10:00:00,9.71 mm
2025-02-22 16:00:00,9.61 mm
2025-02-22 19:00:00,9.38 mm
2025-02-22 22:00:00,10.49 mm
2025-02-23 04:00:00,9.42 mm
2025-02-23 07:00:00,8.52 mm
2025-02-23 10:00:00,9.29 mm
2025-02-23 19:00:00,8.37 mm
2025-02-23 22:00:00,7.43 mm
2025-02-24 04:00:00,7.38 mm
2025-02-24 10:00:00,7.86 mm
2025-02-24 16:00:00,8.45 mm
2025-02-24 19:00:00,8.94 mm
2025-02-24 22:00:00,8.63 mm
2025-02-25 04:00:00,8.67 mm
2025-02-25 10:00:00,8.12 mm
2025-02-25 16:00:00,8.32 mm
2025-02-25 19:00:00,8.20 mm
2025-02-25 22:00:00,7.92 mm
2025-02-26 04:00:00,7.69 mm
2025-02-26 10:00:00,8.67 mm
2025-02-26 16:00:00,8.48 mm
2025-02-26 19:00:00,8.06 mm
2025-02-26 22:00:00,7.29 mm
2025-02-27 04:00:00,8.15 mm
2025-02-27 07:00:00,9.74 mm
2025-02-27 10:00:00,10.62 mm
2025-02-27 16:00:00,11.70 mm
2025-02-27 19:00:00,10.59 mm
2025-02-27 22:00:00,12.76 mm
2025-02-28 04:00:00,14.32 mm
2025-02-28 07:00:00,14.44 mm
2025-02-28 10:00:00,14.21 mm
2025-02-28 16:00:00,14.03 mm
2025-02-28 19:00:00,13.35 mm
2025-02-28 22:00:00,12.75 mm
2025-03-01 04:00:00,12.44 mm
2025-03-01 07:00:00,12.07 mm
2025-03-01 10:00:00,11.65 mm
2025-03-01 19:00:00,11.40 mm
2025-03-01 22:00:00,11.25 mm
2025-03-02 04:00:00,11.04 mm
2025-03-02 07:00:00,10.57 mm
2025-03-02 10:00:00,10.85 mm
2025-03-02 16:00:00,10.21 mm
2025-03-02 19:00:00,10.31 mm
2025-03-02 22:00:00,10.16 mm
2025-03-03 04:00:00,9.98 mm
2025-03-03 07:00:00,9.55 mm
2025-03-03 16:00:00,8.93 mm
2025-03-03 19:00:00,9.32 mm
2025-03-03 22:00:00,9.01 mm
2025-03-04 04:00:00,8.68 mm
2025-03-04 07:00:00,8.02 mm
2025-03-04 10:00:00,8.29 mm
2025-03-04 16:00:00,7.89 mm
2025-03-04 19:00:00,8.08 mm
2025-03-04 22:00:00,7.81 mm
2025-03-05 04:00:00,7.37 mm
2025-03-05 07:00:00,6.83 mm
2025-03-05 10:00:00,6.91 mm
2025-03-05 16:00:00,6.27 mm
2025-03-05 19:00:00,6.44 mm
2025-03-05 22:00:00,6.06 mm
2025-03-06 04:00:00,5.88 mm
2025-03-06 07:00:00,5.39 mm
2025-03-06 10:00:00,3.78 mm
2025-03-06 16:00:00,4.61 mm
2025-03-06 19:00:00,4.59 mm
2025-03-06 22:00:00,4.15 mm
2025-03-07 04:00:00,3.96 mm
2025-03-07 07:00:00,3.13 mm
2025-03-07 10:00:00,1.24 mm
2025-03-07 16:00:00,1.22 mm
2025-03-07 19:00:00,2.11 mm
2025-03-07 22:00:00,2.04 mm
2025-03-08 04:00:00,2.07 mm
2025-03-08 07:00:00,1.80 mm
2025-03-08 10:00:00,-626.82 µm
2025-03-08 16:00:00,-951.31 µm
2025-03-08 19:00:00,315.04 µm
2025-03-08 22:00:00,354.31 µm
2025-03-09 04:00:00,628.73 µm
2025-03-09 07:00:00,382.04 µm
2025-03-09 10:00:00,-1.60 mm
2025-03-09 16:00:00,-2.20 mm
2025-03-09 19:00:00,-624.54 µm
2025-03-09 22:00:00,-671.57 µm
2025-03-10 04:00:00,-339.34 µm
2025-03-10 07:00:00,-728.55 µm
2025-03-10 10:00:00,-2.44 mm
2025-03-10 16:00:00,-2.30 mm
2025-03-10 19:00:00,-1.83 mm
2025-03-10 22:00:00,-2.17 mm
2025-03-11 04:00:00,-2.36 mm
2025-03-11 07:00:00,-2.47 mm
2025-03-11 10:00:00,-2.70 mm
2025-03-11 16:00:00,-2.81 mm
2025-03-11 19:00:00,-2.82 mm
2025-03-11 22:00:00,-2.78 mm
2025-03-12 04:00:00,-2.98 mm
2025-03-12 07:00:00,-3.17 mm
2025-03-12 16:00:00,-3.65 mm
2025-03-12 19:00:00,-3.65 mm
2025-03-12 22:00:00,-3.99 mm
2025-03-13 04:00:00,-4.17 mm
2025-03-13 07:00:00,-4.84 mm
2025-03-13 10:00:00,-4.57 mm
2025-03-13 16:00:00,-5.06 mm
2025-03-13 19:00:00,-5.88 mm
2025-03-13 22:00:00,-5.84 mm
2025-03-14 04:00:00,-6.33 mm
2025-03-14 07:00:00,-7.14 mm
2025-03-14 19:00:00,-8.22 mm
2025-03-14 22:00:00,-9.55 mm
2025-03-15 04:00:00,-9.51 mm
2025-03-15 07:00:00,-10.09 mm
2025-03-15 10:00:00,-11.71 mm
2025-03-15 16:00:00,-11.61 mm
2025-03-15 19:00:00,-11.57 mm
2025-03-15 22:00:00,-11.57 mm
2025-03-16 04:00:00,-11.67 mm
2025-03-16 07:00:00,-12.45 mm
2025-03-16 10:00:00,-13.21 mm
2025-03-16 16:00:00,-13.10 mm
2025-03-16 19:00:00,-13.82 mm
2025-03-17 04:00:00,-14.39 mm
2025-03-17 07:00:00,-14.87 mm
2025-03-17 10:00:00,-16.36 mm
2025-03-17 16:00:00,-17.81 mm
2025-03-17 19:00:00,-17.10 mm
2025-03-17 22:00:00,-17.27 mm
2025-03-18 04:00:00,-17.51 mm
2025-03-18 07:00:00,-18.30 mm
2025-03-18 16:00:00,-20.15 mm
2025-03-18 19:00:00,-19.34 mm
2025-03-18 22:00:00,-19.31 mm
2025-03-19 04:00:00,-19.56 mm
2025-03-19 10:00:00,-21.86 mm
2025-03-19 16:00:00,-22.54 mm
2025-03-19 19:00:00,-21.65 mm
2025-03-19 22:00:00,-21.72 mm
2025-03-20 04:00:00,-21.80 mm
2025-03-20 07:00:00,-22.98 mm
2025-03-20 16:00:00,-24.66 mm
2025-03-20 19:00:00,-24.09 mm
2025-03-21 07:00:00,-24.57 mm
2025-03-21 10:00:00,-26.75 mm
2025-03-21 19:00:00,-26.68 mm
2025-03-21 22:00:00,-26.76 mm
2025-03-22 04:00:00,-26.48 mm
2025-03-22 07:00:00,-27.17 mm
2025-03-22 10:00:00,-29.18 mm
2025-03-22 16:00:00,-29.54 mm
2025-03-22 19:00:00,-30.34 mm
2025-03-22 22:00:00,-30.26 mm
2025-03-23 04:00:00,-30.71 mm
2025-03-23 07:00:00,-31.39 mm
2025-03-23 10:00:00,-32.73 mm
2025-03-23 16:00:00,-33.18 mm
2025-03-23 19:00:00,-33.14 mm
2025-03-23 22:00:00,-33.45 mm
2025-03-24 04:00:00,-33.68 mm
2025-03-24 07:00:00,-34.51 mm
2025-03-24 10:00:00,-35.40 mm
2025-03-24 16:00:00,-34.75 mm
2025-03-24 19:00:00,-34.44 mm
2025-03-24 22:00:00,-34.91 mm
2025-03-25 04:00:00,-34.95 mm
2025-03-25 07:00:00,-35.04 mm
2025-03-25 10:00:00,-35.67 mm
2025-03-25 16:00:00,-35.93 mm
2025-03-25 22:00:00,-34.39 mm
2025-03-26 07:00:00,-34.61 mm
2025-03-26 10:00:00,-34.57 mm
2025-03-26 16:00:00,-35.41 mm
2025-03-26 19:00:00,-36.21 mm
2025-03-26 22:00:00,-37.02 mm
2025-03-27 04:00:00,-36.66 mm
2025-03-27 07:00:00,-37.59 mm
2025-03-27 10:00:00,-38.88 mm
2025-03-27 16:00:00,-39.90 mm
2025-03-27 19:00:00,-39.09 mm
2025-03-27 22:00:00,-39.08 mm
2025-03-28 04:00:00,-38.72 mm
2025-03-28 07:00:00,-39.87 mm
2025-03-28 10:00:00,-41.40 mm
2025-03-28 16:00:00,-42.78 mm
2025-03-28 19:00:00,-42.70 mm
2025-03-28 22:00:00,-43.15 mm
2025-03-29 04:00:00,-43.59 mm
2025-03-29 07:00:00,-43.93 mm
2025-03-29 16:00:00,-47.54 mm
2025-03-29 19:00:00,-47.82 mm
2025-03-29 22:00:00,-48.05 mm
2025-03-30 05:00:00,-47.83 mm
2025-03-30 08:00:00,-45.67 mm
2025-03-30 11:00:00,-43.60 mm
2025-03-30 17:00:00,-32.27 mm
2025-03-30 23:00:00,-34.67 mm
2025-03-31 05:00:00,-37.14 mm
2025-03-31 08:00:00,-39.92 mm
2025-03-31 11:00:00,-41.61 mm
2025-03-31 17:00:00,-44.37 mm
2025-03-31 20:00:00,-46.13 mm
2025-03-31 23:00:00,-47.16 mm
2025-04-01 05:00:00,-48.21 mm
2025-04-01 08:00:00,-49.17 mm
2025-04-01 11:00:00,-51.01 mm
2025-04-01 17:00:00,-52.83 mm
2025-04-01 20:00:00,-52.71 mm
2025-04-02 05:00:00,-53.30 mm
2025-04-02 08:00:00,-54.19 mm
2025-04-02 11:00:00,-56.37 mm
2025-04-02 17:00:00,-57.93 mm
2025-04-02 20:00:00,-57.94 mm
2025-04-02 23:00:00,-58.32 mm
2025-04-03 08:00:00,-59.42 mm
2025-04-03 11:00:00,-61.99 mm
2025-04-03 17:00:00,-64.47 mm
2025-04-03 20:00:00,-64.10 mm
2025-04-03 23:00:00,-64.18 mm
2025-04-04 05:00:00,-63.89 mm
2025-04-04 08:00:00,-64.98 mm
2025-04-04 11:00:00,-67.39 mm
2025-04-04 17:00:00,-70.11 mm
2025-04-04 20:00:00,-70.08 mm
2025-04-04 23:00:00,-70.27 mm
2025-04-05 05:00:00,-70.39 mm
2025-04-05 08:00:00,-71.44 mm
2025-04-05 11:00:00,-73.88 mm
2025-04-05 17:00:00,-77.72 mm
2025-04-05 20:00:00,-78.31 mm
2025-04-05 23:00:00,-79.45 mm
2025-04-06 05:00:00,-80.58 mm
2025-04-06 08:00:00,-83.30 mm
2025-04-06 11:00:00,-83.79 mm
2025-04-06 17:00:00,-88.23 mm
2025-04-06 20:00:00,-89.48 mm
2025-04-06 23:00:00,-90.05 mm
2025-04-07 05:00:00,-90.83 mm
2025-04-07 08:00:00,-93.81 mm
2025-04-07 11:00:00,-92.36 mm
2025-04-07 17:00:00,-97.93 mm
2025-04-07 20:00:00,-99.50 mm
2025-04-07 23:00:00,-100.12 mm
2025-04-08 05:00:00,-100.21 mm
2025-04-08 08:00:00,-101.09 mm
2025-04-08 11:00:00,-103.23 mm
2025-04-08 17:00:00,-108.32 mm
2025-04-08 20:00:00,-109.50 mm
2025-04-09 05:00:00,-109.39 mm
2025-04-09 08:00:00,-109.44 mm
2025-04-09 11:00:00,-110.63 mm
2025-04-09 17:00:00,-114.83 mm
2025-04-09 20:00:00,-118.75 mm
2025-04-09 23:00:00,-120.23 mm
2025-04-10 05:00:00,-120.69 mm
2025-04-10 08:00:00,-120.92 mm
2025-04-10 11:00:00,-123.34 mm
2025-04-10 17:00:00,-128.69 mm
2025-04-10 20:00:00,-131.61 mm
2025-04-10 23:00:00,-131.40 mm
2025-04-11 05:00:00,-130.97 mm
2025-04-11 08:00:00,-130.67 mm
2025-04-11 11:00:00,-134.69 mm
2025-04-11 17:00:00,-141.63 mm
2025-04-11 20:00:00,-144.57 mm
2025-04-11 23:00:00,-144.82 mm
2025-04-12 05:00:00,-143.14 mm
2025-04-12 08:00:00,-142.08 mm
2025-04-12 11:00:00,-146.42 mm
2025-04-12 17:00:00,-154.40 mm
2025-04-12 23:00:00,-153.13 mm
2025-04-13 05:00:00,-151.77 mm
2025-04-13 08:00:00,-148.38 mm
2025-04-13 11:00:00,-146.99 mm
2025-04-13 17:00:00,-157.61 mm
2025-04-13 20:00:00,-83.92 mm
2025-04-13 23:00:00,-70.33 mm
2025-04-14 05:00:00,-75.10 mm
2025-04-14 08:00:00,-77.63 mm
2025-04-14 11:00:00,-81.36 mm
2025-04-14 20:00:00,-87.73 mm
2025-04-14 23:00:00,-88.91 mm
2025-04-15 05:00:00,-89.73 mm
2025-04-15 11:00:00,-93.16 mm
2025-04-15 17:00:00,-100.09 mm
2025-04-15 20:00:00,-102.21 mm
2025-04-15 23:00:00,-83.18 mm
2025-04-16 05:00:00,-84.88 mm
2025-04-16 08:00:00,-87.67 mm
2025-04-16 11:00:00,-91.31 mm
2025-04-16 17:00:00,-100.55 mm
2025-04-16 20:00:00,-98.99 mm
2025-04-16 23:00:00,-75.59 mm
2025-04-17 05:00:00,-78.71 mm
2025-04-17 08:00:00,-81.25 mm
2025-04-17 11:00:00,-84.15 mm
2025-04-17 17:00:00,-89.60 mm
2025-04-17 20:00:00,-94.06 mm
2025-04-17 23:00:00,-96.99 mm
2025-04-18 05:00:00,-49.99 mm
2025-04-18 08:00:00,-50.25 mm
2025-04-18 11:00:00,-53.94 mm
2025-04-18 17:00:00,-57.58 mm
2025-04-18 20:00:00,-60.20 mm
2025-04-18 23:00:00,-61.67 mm
2025-04-19 05:00:00,-62.50 mm
2025-04-19 08:00:00,-63.33 mm
2025-04-19 11:00:00,-65.32 mm
2025-04-19 17:00:00,-70.53 mm
2025-04-19 20:00:00,-72.86 mm
2025-04-19 23:00:00,-74.20 mm
2025-04-20 05:00:00,-74.92 mm
2025-04-20 11:00:00,-79.57 mm
2025-04-20 17:00:00,-85.20 mm
2025-04-20 20:00:00,-89.12 mm
2025-04-20 23:00:00,-89.24 mm
2025-04-21 05:00:00,-76.96 mm
2025-04-21 08:00:00,-78.95 mm
2025-04-21 11:00:00,-82.81 mm
2025-04-21 17:00:00,-89.59 mm
2025-04-21 20:00:00,-92.57 mm
2025-04-21 23:00:00,-93.66 mm
2025-04-22 05:00:00,-94.54 mm
2025-04-22 08:00:00,-96.36 mm
2025-04-22 11:00:00,-98.60 mm
2025-04-22 17:00:00,-102.21 mm
2025-04-22 20:00:00,-105.90 mm
2025-04-22 23:00:00,-107.33 mm
2025-04-23 05:00:00,-71.41 mm
2025-04-23 08:00:00,-62.96 mm
2025-04-23 11:00:00,-61.71 mm
2025-04-23 17:00:00,-64.76 mm
2025-04-23 20:00:00,-66.99 mm
2025-04-23 23:00:00,-68.78 mm
2025-04-24 05:00:00,-65.92 mm
2025-04-24 08:00:00,-53.18 mm
2025-04-24 11:00:00,-57.24 mm
2025-04-24 17:00:00,-60.73 mm
2025-04-24 20:00:00,-62.90 mm
2025-04-24 23:00:00,-64.15 mm
2025-04-25 05:00:00,-65.36 mm
2025-04-25 08:00:00,-67.25 mm
2025-04-25 11:00:00,-69.13 mm
2025-04-25 17:00:00,-71.88 mm
2025-04-25 20:00:00,-73.42 mm
2025-04-25 23:00:00,-75.62 mm
2025-04-26 05:00:00,-76.78 mm
2025-04-26 08:00:00,-78.09 mm
2025-04-26 11:00:00,-81.56 mm
2025-04-26 17:00:00,-90.65 mm
2025-04-26 20:00:00,-95.46 mm
2025-04-26 23:00:00,-97.71 mm
2025-04-27 05:00:00,-99.04 mm
2025-04-27 08:00:00,-101.72 mm
2025-04-27 11:00:00,-106.46 mm
2025-04-27 17:00:00,-118.35 mm
2025-04-27 20:00:00,-123.30 mm
2025-04-27 23:00:00,-125.20 mm
2025-04-28 05:00:00,-125.88 mm
2025-04-28 08:00:00,-128.20 mm
2025-04-28 11:00:00,-133.72 mm
2025-04-28 17:00:00,-146.11 mm
2025-04-28 20:00:00,-150.46 mm
2025-04-28 23:00:00,-151.33 mm
2025-04-29 05:00:00,-151.45 mm
2025-04-29 08:00:00,-152.97 mm
2025-04-29 11:00:00,-156.52 mm
2025-04-29 17:00:00,-165.00 mm
2025-04-29 20:00:00,-170.10 mm
2025-04-29 23:00:00,-171.30 mm
2025-04-30 05:00:00,-171.30 mm
2025-04-30 08:00:00,-172.60 mm
2025-04-30 11:00:00,-175.27 mm
2025-04-30 17:00:00,-181.59 mm
2025-04-30 20:00:00,-184.44 mm
2025-04-30 23:00:00,-186.27 mm
2025-05-01 05:00:00,-187.16 mm
2025-05-01 08:00:00,-189.08 mm
2025-05-01 11:00:00,-192.18 mm
2025-05-01 17:00:00,-200.52 mm
2025-05-01 20:00:00,-204.97 mm
2025-05-01 23:00:00,-207.10 mm
2025-05-02 05:00:00,-207.82 mm
2025-05-02 08:00:00,-210.15 mm
2025-05-02 11:00:00,-212.41 mm
2025-05-02 17:00:00,-215.30 mm
2025-05-02 20:00:00,-216.95 mm
2025-05-02 23:00:00,-218.64 mm
2025-05-03 05:00:00,-220.11 mm
2025-05-03 08:00:00,-222.28 mm
2025-05-03 11:00:00,-223.94 mm
2025-05-03 17:00:00,-226.47 mm
2025-05-03 20:00:00,-230.74 mm
2025-05-03 23:00:00,-234.16 mm
2025-05-04 05:00:00,-236.87 mm
2025-05-04 11:00:00,-241.68 mm
2025-05-04 17:00:00,-244.33 mm
2025-05-04 20:00:00,-247.06 mm
2025-05-04 23:00:00,-249.90 mm
2025-05-05 05:00:00,-252.42 mm
2025-05-05 08:00:00,-255.53 mm
2025-05-05 11:00:00,-257.32 mm
2025-05-05 17:00:00,-260.32 mm
2025-05-05 20:00:00,-261.87 mm
2025-05-05 23:00:00,-263.90 mm
2025-05-06 05:00:00,-265.68 mm
2025-05-06 08:00:00,-268.25 mm
2025-05-06 11:00:00,-269.12 mm
2025-05-06 17:00:00,-271.35 mm
2025-05-06 20:00:00,-273.80 mm
2025-05-06 23:00:00,-276.49 mm
2025-05-07 05:00:00,-277.98 mm
2025-05-07 08:00:00,-280.30 mm
2025-05-07 11:00:00,-282.36 mm
2025-05-07 17:00:00,-285.04 mm
2025-05-07 20:00:00,-286.70 mm
2025-05-07 23:00:00,-289.09 mm
2025-05-08 08:00:00,-293.59 mm
2025-05-08 11:00:00,-294.51 mm
2025-05-08 17:00:00,-297.72 mm
2025-05-08 20:00:00,-298.63 mm
2025-05-08 23:00:00,-300.89 mm
2025-05-09 05:00:00,-302.79 mm
2025-05-09 08:00:00,-306.77 mm
2025-05-09 11:00:00,-309.06 mm
2025-05-09 17:00:00,-311.62 mm
2025-05-09 20:00:00,-315.02 mm
2025-05-09 23:00:00,-318.73 mm
2025-05-10 05:00:00,-321.82 mm
2025-05-10 08:00:00,-326.16 mm
2025-05-10 11:00:00,-328.69 mm
2025-05-10 17:00:00,-331.72 mm
2025-05-10 20:00:00,-333.28 mm
2025-05-10 23:00:00,-336.10 mm
2025-05-11 05:00:00,-338.40 mm
2025-05-11 08:00:00,-342.30 mm
2025-05-11 11:00:00,-344.31 mm
2025-05-11 17:00:00,-347.19 mm
2025-05-11 20:00:00,-349.17 mm
2025-05-11 23:00:00,-352.04 mm
2025-05-12 05:00:00,-354.22 mm
2025-05-12 08:00:00,-358.09 mm
2025-05-12 11:00:00,-360.66 mm
2025-05-12 17:00:00,-363.85 mm
2025-05-12 23:00:00,-369.94 mm
2025-05-13 05:00:00,-372.61 mm
2025-05-13 08:00:00,-376.81 mm
2025-05-13 11:00:00,-379.45 mm
2025-05-13 17:00:00,-383.06 mm
2025-05-13 20:00:00,-384.90 mm
2025-05-13 23:00:00,-388.02 mm
2025-05-14 05:00:00,-390.28 mm
2025-05-14 08:00:00,-393.68 mm
2025-05-14 11:00:00,-396.59 mm
2025-05-14 17:00:00,-401.75 mm
2025-05-14 20:00:00,-404.40 mm
2025-05-14 23:00:00,-406.50 mm
2025-05-15 05:00:00,-407.95 mm
2025-05-15 08:00:00,-410.69 mm
2025-05-15 11:00:00,-412.08 mm
2025-05-15 17:00:00,-415.14 mm
2025-05-15 20:00:00,-416.18 mm
2025-05-15 23:00:00,-418.14 mm
2025-05-16 05:00:00,-419.86 mm
2025-05-16 08:00:00,-422.58 mm
2025-05-16 11:00:00,-424.31 mm
2025-05-16 17:00:00,-425.78 mm
2025-05-16 20:00:00,-426.25 mm
2025-05-16 23:00:00,-427.15 mm
2025-05-17 05:00:00,-428.25 mm
2025-05-17 08:00:00,-430.99 mm
2025-05-17 11:00:00,-432.07 mm
2025-05-17 17:00:00,-432.93 mm
2025-05-17 20:00:00,-432.53 mm
2025-05-17 23:00:00,-432.63 mm
2025-05-18 05:00:00,-433.27 mm
2025-05-18 08:00:00,-434.17 mm
2025-05-18 11:00:00,-435.04 mm
2025-05-18 17:00:00,-435.27 mm
2025-05-18 20:00:00,-435.31 mm
2025-05-18 23:00:00,-436.08 mm
2025-05-19 05:00:00,-437.33 mm
2025-05-19 08:00:00,-440.07 mm
2025-05-19 11:00:00,-441.01 mm
2025-05-19 17:00:00,-442.72 mm
2025-05-19 20:00:00,-442.30 mm
2025-05-19 23:00:00,-442.80 mm
2025-05-20 05:00:00,-443.29 mm
2025-05-20 08:00:00,-446.32 mm
2025-05-20 11:00:00,-446.55 mm
2025-05-20 17:00:00,-447.81 mm
2025-05-20 20:00:00,-446.99 mm
2025-05-20 23:00:00,-447.16 mm
2025-05-21 05:00:00,-447.81 mm
2025-05-21 08:00:00,-450.11 mm
2025-05-21 17:00:00,-451.64 mm
2025-05-21 20:00:00,-451.62 mm
2025-05-21 23:00:00,-452.31 mm
2025-05-22 05:00:00,-453.78 mm
2025-05-22 08:00:00,-455.11 mm
2025-05-22 11:00:00,-456.37 mm
2025-05-22 17:00:00,-457.05 mm
2025-05-22 20:00:00,-457.67 mm
2025-05-22 23:00:00,-458.52 mm
2025-05-23 05:00:00,-459.81 mm
2025-05-23 08:00:00,-461.29 mm
2025-05-23 11:00:00,-462.69 mm
2025-05-23 17:00:00,-463.01 mm
2025-05-23 20:00:00,-463.55 mm
2025-05-24 05:00:00,-464.51 mm
2025-05-24 08:00:00,-466.89 mm
2025-05-24 17:00:00,-467.56 mm
2025-05-24 20:00:00,-467.86 mm
2025-05-24 23:00:00,-468.40 mm
2025-05-25 05:00:00,-469.05 mm
2025-05-25 08:00:00,-469.55 mm
2025-05-25 11:00:00,-469.93 mm
2025-05-25 17:00:00,-469.74 mm
2025-05-25 20:00:00,-468.20 mm
2025-05-25 23:00:00,-467.15 mm
2025-05-26 05:00:00,-466.85 mm
2025-05-26 08:00:00,-467.03 mm
2025-05-26 11:00:00,-466.41 mm
2025-05-26 17:00:00,-466.37 mm
2025-05-26 20:00:00,-464.79 mm
2025-05-26 23:00:00,-464.11 mm
2025-05-27 05:00:00,-463.51 mm
2025-05-27 08:00:00,-463.59 mm
2025-05-27 11:00:00,-463.25 mm
2025-05-27 17:00:00,-463.01 mm
2025-05-27 20:00:00,-462.23 mm
2025-05-27 23:00:00,-461.77 mm
2025-05-28 05:00:00,-460.69 mm
2025-05-28 11:00:00,-456.06 mm
2025-05-28 17:00:00,-443.85 mm
2025-05-28 20:00:00,-430.16 mm
2025-05-28 23:00:00,-420.32 mm
2025-05-29 05:00:00,-412.31 mm
2025-05-29 08:00:00,-408.35 mm
2025-05-29 11:00:00,-405.25 mm
2025-05-29 17:00:00,-401.74 mm
2025-05-29 20:00:00,-393.11 mm
2025-05-29 23:00:00,-387.47 mm
2025-05-30 05:00:00,-384.39 mm
2025-05-30 08:00:00,-383.75 mm
2025-05-30 11:00:00,-384.43 mm
2025-05-30 17:00:00,-388.01 mm
2025-05-30 20:00:00,-393.15 mm
2025-05-30 23:00:00,-398.79 mm
2025-05-31 08:00:00,-407.44 mm
2025-05-31 11:00:00,-410.94 mm
2025-05-31 17:00:00,-416.41 mm
2025-05-31 20:00:00,-420.34 mm
2025-05-31 23:00:00,-423.86 mm
2025-06-01 05:00:00,-425.45 mm
2025-06-01 08:00:00,-425.87 mm
2025-06-01 11:00:00,-425.49 mm
2025-06-01 17:00:00,-425.57 mm
2025-06-01 20:00:00,-425.77 mm
2025-06-01 23:00:00,-425.85 mm
2025-06-02 05:00:00,-426.56 mm
2025-06-02 08:00:00,-428.88 mm
2025-06-02 11:00:00,-430.45 mm
2025-06-02 20:00:00,-428.11 mm
2025-06-02 23:00:00,-425.68 mm
2025-06-03 05:00:00,-423.61 mm
2025-06-03 08:00:00,-423.35 mm
2025-06-03 11:00:00,-422.59 mm
2025-06-03 17:00:00,-421.24 mm
2025-06-03 20:00:00,-420.23 mm
2025-06-03 23:00:00,-421.10 mm
2025-06-04 05:00:00,-421.85 mm
2025-06-04 08:00:00,-423.63 mm
2025-06-04 11:00:00,-424.81 mm
2025-06-04 17:00:00,-426.18 mm
2025-06-04 20:00:00,-426.69 mm
2025-06-04 23:00:00,-427.27 mm
2025-06-05 05:00:00,-427.93 mm
2025-06-05 08:00:00,-429.94 mm
2025-06-05 17:00:00,-430.82 mm
2025-06-05 20:00:00,-430.76 mm
2025-06-05 23:00:00,-430.34 mm
2025-06-06 05:00:00,-428.69 mm
2025-06-06 08:00:00,-425.43 mm
2025-06-06 17:00:00,-422.43 mm
2025-06-06 20:00:00,-421.55 mm
2025-06-06 23:00:00,-421.81 mm
2025-06-07 05:00:00,-417.98 mm
2025-06-07 08:00:00,-404.62 mm
2025-06-07 11:00:00,-386.92 mm
2025-06-07 17:00:00,-363.46 mm
2025-06-07 20:00:00,-335.73 mm
2025-06-07 23:00:00,-325.88 mm
2025-06-08 05:00:00,-265.25 mm
2025-06-08 11:00:00,-225.41 mm
2025-06-08 17:00:00,-181.09 mm
2025-06-08 20:00:00,-172.54 mm
2025-06-08 23:00:00,-192.34 mm
2025-06-09 05:00:00,-187.21 mm
2025-06-09 08:00:00,-202.06 mm
2025-06-09 11:00:00,-219.64 mm
2025-06-09 17:00:00,-237.99 mm
2025-06-09 20:00:00,-237.76 mm
2025-06-09 23:00:00,-240.69 mm
2025-06-10 05:00:00,-244.14 mm
2025-06-10 08:00:00,-248.50 mm
2025-06-10 11:00:00,-253.87 mm
2025-06-10 17:00:00,-259.62 mm
2025-06-10 20:00:00,-266.82 mm
2025-06-10 23:00:00,-274.07 mm
2025-06-11 05:00:00,-279.07 mm
2025-06-11 08:00:00,-283.53 mm
2025-06-11 11:00:00,-288.79 mm
2025-06-11 17:00:00,-296.53 mm
2025-06-11 20:00:00,-303.69 mm
2025-06-11 23:00:00,-310.07 mm
2025-06-12 05:00:00,-315.04 mm
2025-06-12 08:00:00,-320.58 mm
2025-06-12 11:00:00,-325.06 mm
2025-06-12 17:00:00,-332.89 mm
2025-06-12 20:00:00,-339.57 mm
2025-06-12 23:00:00,-346.50 mm
2025-06-13 05:00:00,-352.12 mm
2025-06-13 08:00:00,-358.51 mm
2025-06-13 11:00:00,-363.51 mm
2025-06-13 17:00:00,-370.27 mm
2025-06-13 20:00:00,-376.73 mm
2025-06-14 05:00:00,-388.10 mm
2025-06-14 08:00:00,-393.32 mm
2025-06-14 11:00:00,-397.81 mm
2025-06-14 17:00:00,-403.69 mm
2025-06-14 20:00:00,-409.54 mm
2025-06-14 23:00:00,-410.97 mm
2025-06-15 05:00:00,-410.47 mm
2025-06-15 08:00:00,-410.05 mm
2025-06-15 11:00:00,-402.30 mm
2025-06-15 17:00:00,-391.63 mm
2025-06-15 20:00:00,-385.66 mm
2025-06-15 23:00:00,-382.19 mm
2025-06-16 08:00:00,-381.22 mm
2025-06-16 11:00:00,-380.62 mm
2025-06-16 17:00:00,-382.33 mm
2025-06-16 20:00:00,-383.53 mm
2025-06-16 23:00:00,-386.12 mm
2025-06-17 05:00:00,-388.97 mm
2025-06-17 08:00:00,-393.61 mm
2025-06-17 11:00:00,-397.13 mm
2025-06-17 17:00:00,-402.61 mm
2025-06-17 20:00:00,-408.04 mm
2025-06-17 23:00:00,-412.62 mm
2025-06-18 05:00:00,-416.29 mm
2025-06-18 08:00:00,-420.91 mm
2025-06-18 11:00:00,-423.70 mm
2025-06-18 17:00:00,-426.51 mm
2025-06-18 20:00:00,-427.91 mm
2025-06-18 23:00:00,-429.12 mm
2025-06-19 05:00:00,-430.51 mm
2025-06-19 08:00:00,-433.68 mm
2025-06-19 11:00:00,-435.73 mm
2025-06-19 17:00:00,-437.62 mm
2025-06-19 20:00:00,-438.12 mm
2025-06-19 23:00:00,-439.26 mm
2025-06-20 05:00:00,-441.03 mm
2025-06-20 08:00:00,-445.09 mm
2025-06-20 11:00:00,-447.21 mm
2025-06-20 17:00:00,-449.25 mm
2025-06-20 20:00:00,-449.22 mm
2025-06-20 23:00:00,-450.64 mm
2025-06-21 05:00:00,-452.37 mm
2025-06-21 08:00:00,-456.45 mm
2025-06-21 11:00:00,-458.72 mm
2025-06-21 17:00:00,-460.67 mm
2025-06-21 20:00:00,-460.13 mm
2025-06-21 23:00:00,-461.29 mm
2025-06-22 05:00:00,-463.11 mm
2025-06-22 08:00:00,-467.33 mm
2025-06-22 11:00:00,-469.42 mm
2025-06-22 17:00:00,-469.75 mm
2025-06-22 20:00:00,-446.41 mm
2025-06-22 23:00:00,-448.75 mm
2025-06-23 05:00:00,-450.11 mm
2025-06-23 11:00:00,-450.43 mm
2025-06-23 17:00:00,-451.83 mm
2025-06-23 20:00:00,-451.26 mm
2025-06-23 23:00:00,-451.50 mm
2025-06-24 05:00:00,-451.76 mm
2025-06-24 08:00:00,-452.41 mm
2025-06-24 17:00:00,-453.23 mm
2025-06-24 20:00:00,-453.74 mm
2025-06-25 05:00:00,-454.72 mm
2025-06-25 08:00:00,-455.95 mm
2025-06-25 11:00:00,-457.03 mm
2025-06-25 17:00:00,-457.75 mm
2025-06-25 20:00:00,-458.02 mm
2025-06-25 23:00:00,-458.71 mm
2025-06-26 05:00:00,-459.96 mm
2025-06-26 08:00:00,-462.09 mm
2025-06-26 11:00:00,-463.35 mm
2025-06-26 17:00:00,-463.91 mm
2025-06-26 20:00:00,-464.73 mm
2025-06-26 23:00:00,-465.22 mm
2025-06-27 05:00:00,-465.34 mm
2025-06-27 08:00:00,-465.98 mm
2025-06-27 11:00:00,-466.82 mm
2025-06-27 17:00:00,-466.85 mm
2025-06-27 20:00:00,-466.41 mm
2025-06-27 23:00:00,-466.23 mm
2025-06-28 05:00:00,-466.19 mm
2025-06-28 08:00:00,-467.22 mm
2025-06-28 11:00:00,-467.17 mm
2025-06-28 17:00:00,-467.39 mm
2025-06-28 20:00:00,-466.88 mm
2025-06-28 23:00:00,-466.56 mm
2025-06-29 05:00:00,-467.17 mm
2025-06-29 08:00:00,-468.43 mm
2025-06-29 11:00:00,-469.60 mm
2025-06-29 17:00:00,-470.33 mm
2025-06-29 20:00:00,-469.82 mm
2025-06-29 23:00:00,-470.02 mm
2025-06-30 05:00:00,-470.78 mm
2025-06-30 08:00:00,-473.99 mm
2025-06-30 11:00:00,-475.75 mm
2025-06-30 17:00:00,-476.66 mm
2025-06-30 20:00:00,-476.60 mm
2025-06-30 23:00:00,-477.21 mm
2025-07-01 05:00:00,-478.35 mm
2025-07-01 08:00:00,-482.27 mm
2025-07-01 11:00:00,-484.29 mm
2025-07-01 17:00:00,-485.96 mm
2025-07-01 20:00:00,-485.23 mm
2025-07-01 23:00:00,-486.23 mm
2025-07-02 05:00:00,-487.62 mm
2025-07-02 08:00:00,-491.63 mm
2025-07-02 11:00:00,-493.55 mm
2025-07-02 17:00:00,-494.82 mm
2025-07-02 20:00:00,-494.11 mm
2025-07-02 23:00:00,-495.49 mm
2025-07-03 05:00:00,-496.62 mm
2025-07-03 08:00:00,-499.38 mm
2025-07-03 11:00:00,-501.21 mm
2025-07-03 17:00:00,-502.48 mm
2025-07-03 20:00:00,-502.92 mm
2025-07-03 23:00:00,-504.03 mm
2025-07-04 05:00:00,-504.97 mm
2025-07-04 08:00:00,-508.43 mm
2025-07-04 11:00:00,-510.22 mm
2025-07-04 17:00:00,-510.74 mm
2025-07-04 20:00:00,-511.23 mm
2025-07-04 23:00:00,-511.77 mm
2025-07-05 05:00:00,-513.14 mm
2025-07-05 17:00:00,-517.67 mm
2025-07-05 20:00:00,-517.88 mm
2025-07-05 23:00:00,-518.99 mm
2025-07-06 05:00:00,-519.96 mm
2025-07-06 08:00:00,-521.28 mm
2025-07-06 11:00:00,-522.42 mm
2025-07-06 20:00:00,-524.10 mm
2025-07-06 23:00:00,-524.83 mm
2025-07-07 05:00:00,-526.15 mm
2025-07-07 17:00:00,-528.62 mm
2025-07-07 20:00:00,-529.38 mm
2025-07-08 17:00:00,-533.48 mm
2025-07-08 20:00:00,-533.34 mm
2025-07-08 23:00:00,-534.05 mm
2025-07-09 05:00:00,-534.21 mm
2025-07-09 08:00:00,-535.79 mm
2025-07-09 11:00:00,-536.91 mm
2025-07-09 17:00:00,-537.39 mm
2025-07-09 20:00:00,-536.51 mm
2025-07-09 23:00:00,-536.29 mm
2025-07-10 05:00:00,-536.89 mm
2025-07-10 08:00:00,-538.42 mm
2025-07-10 11:00:00,-539.54 mm
2025-07-10 17:00:00,-539.81 mm
2025-07-10 20:00:00,-539.90 mm
2025-07-10 23:00:00,-540.29 mm
2025-07-11 05:00:00,-540.80 mm
2025-07-11 08:00:00,-541.99 mm
2025-07-11 17:00:00,-544.14 mm
2025-07-11 20:00:00,-543.54 mm
2025-07-11 23:00:00,-544.30 mm
2025-07-12 05:00:00,-544.92 mm
2025-07-12 08:00:00,-546.12 mm
2025-07-12 17:00:00,-548.07 mm
2025-07-12 20:00:00,-548.39 mm
2025-07-12 23:00:00,-549.46 mm
2025-07-13 05:00:00,-549.90 mm
2025-07-13 08:00:00,-552.09 mm
2025-07-13 11:00:00,-553.14 mm
2025-07-13 17:00:00,-552.78 mm
2025-07-13 20:00:00,-554.09 mm
2025-07-13 23:00:00,-554.84 mm
2025-07-14 05:00:00,-555.70 mm
2025-07-14 08:00:00,-557.66 mm
2025-07-14 11:00:00,-558.94 mm
2025-07-14 17:00:00,-559.79 mm
2025-07-14 20:00:00,-560.21 mm
2025-07-14 23:00:00,-560.83 mm
2025-07-15 05:00:00,-561.67 mm
2025-07-15 08:00:00,-562.79 mm
2025-07-15 11:00:00,-563.58 mm
2025-07-15 17:00:00,-565.63 mm
2025-07-15 20:00:00,-565.16 mm
2025-07-15 23:00:00,-566.25 mm
2025-07-16 05:00:00,-566.77 mm
2025-07-16 08:00:00,-568.00 mm
2025-07-16 11:00:00,-568.64 mm
2025-07-17 05:00:00,-562.99 mm
2025-07-17 08:00:00,-563.92 mm
2025-07-17 11:00:00,-564.77 mm
2025-07-17 17:00:00,-564.93 mm
2025-07-17 20:00:00,-564.80 mm
2025-07-17 23:00:00,-564.32 mm
2025-07-18 05:00:00,-564.34 mm
2025-07-18 08:00:00,-564.31 mm
2025-07-18 11:00:00,-564.61 mm
2025-07-18 17:00:00,-564.24 mm
2025-07-18 20:00:00,-563.04 mm
2025-07-18 23:00:00,-562.23 mm
2025-07-19 05:00:00,-562.02 mm
2025-07-19 08:00:00,-563.16 mm
2025-07-19 11:00:00,-563.35 mm
2025-07-19 17:00:00,-562.24 mm
2025-07-19 20:00:00,-560.61 mm
2025-07-19 23:00:00,-560.15 mm
2025-07-20 05:00:00,-559.33 mm
2025-07-20 08:00:00,-559.70 mm
2025-07-20 11:00:00,-559.79 mm
2025-07-20 17:00:00,-558.97 mm
2025-07-20 20:00:00,-557.57 mm
2025-07-20 23:00:00,-556.83 mm
2025-07-21 05:00:00,-556.10 mm
2025-07-21 08:00:00,-556.24 mm
2025-07-21 11:00:00,-556.29 mm
2025-07-21 17:00:00,-556.00 mm
2025-07-21 20:00:00,-554.66 mm
2025-07-21 23:00:00,-553.86 mm
2025-07-22 05:00:00,-553.94 mm
2025-07-22 08:00:00,-554.30 mm
2025-07-22 11:00:00,-554.14 mm
2025-07-22 17:00:00,-553.94 mm
2025-07-22 20:00:00,-553.51 mm
2025-07-22 23:00:00,-553.41 mm
2025-07-23 05:00:00,-553.29 mm
2025-07-23 08:00:00,-553.86 mm
2025-07-23 17:00:00,-553.76 mm
2025-07-23 20:00:00,-553.46 mm
2025-07-23 23:00:00,-552.89 mm
2025-07-24 05:00:00,-552.98 mm
2025-07-24 08:00:00,-554.10 mm
2025-07-24 11:00:00,-554.82 mm
2025-07-24 17:00:00,-555.14 mm
2025-07-24 20:00:00,-553.82 mm
2025-07-24 23:00:00,-553.91 mm
2025-07-25 05:00:00,-554.79 mm
2025-07-25 08:00:00,-555.44 mm
2025-07-25 11:00:00,-555.81 mm
2025-07-25 20:00:00,-556.67 mm
2025-07-25 23:00:00,-556.33 mm
2025-07-26 11:00:00,-559.46 mm
2025-07-26 17:00:00,-559.56 mm
2025-07-26 20:00:00,-546.02 mm
2025-07-26 23:00:00,-546.70 mm
2025-07-27 05:00:00,-547.15 mm
2025-07-27 08:00:00,-547.95 mm
2025-07-27 11:00:00,-548.91 mm
2025-07-27 17:00:00,-548.80 mm
2025-07-27 20:00:00,-548.48 mm
2025-07-27 23:00:00,-548.75 mm
2025-07-28 05:00:00,-548.89 mm
2025-07-28 08:00:00,-549.86 mm
2025-07-28 11:00:00,-549.28 mm
2025-07-28 17:00:00,-549.84 mm
2025-07-28 20:00:00,-549.30 mm
2025-07-28 23:00:00,-548.98 mm
2025-07-29 05:00:00,-548.93 mm
2025-07-29 08:00:00,-549.78 mm
2025-07-29 11:00:00,-549.18 mm
2025-07-29 17:00:00,-549.68 mm
2025-07-29 20:00:00,-548.51 mm
2025-07-29 23:00:00,-547.85 mm
2025-07-30 05:00:00,-547.52 mm
2025-07-30 08:00:00,-548.62 mm
2025-07-30 11:00:00,-548.70 mm
2025-07-30 20:00:00,-547.77 mm
2025-07-30 23:00:00,-547.70 mm
2025-07-31 05:00:00,-547.55 mm
2025-07-31 08:00:00,-547.69 mm
2025-07-31 11:00:00,-548.12 mm
2025-07-31 17:00:00,-547.98 mm
2025-07-31 20:00:00,-547.34 mm
2025-07-31 23:00:00,-547.19 mm
2025-08-01 05:00:00,-547.04 mm
2025-08-01 08:00:00,-547.00 mm
2025-08-01 11:00:00,-547.68 mm
2025-08-01 17:00:00,-546.91 mm
2025-08-01 20:00:00,-546.82 mm
2025-08-01 23:00:00,-546.70 mm
2025-08-02 05:00:00,-546.76 mm
2025-08-02 08:00:00,-546.98 mm
2025-08-02 11:00:00,-539.07 mm
2025-08-02 17:00:00,-539.27 mm
2025-08-02 20:00:00,-538.98 mm
2025-08-03 05:00:00,-538.55 mm
2025-08-03 08:00:00,-538.59 mm
2025-08-03 11:00:00,-539.06 mm
2025-08-03 17:00:00,-538.75 mm
2025-08-04 05:00:00,-536.37 mm
2025-08-04 08:00:00,-536.46 mm
2025-08-04 11:00:00,-536.21 mm
2025-08-04 17:00:00,-534.99 mm
2025-08-04 20:00:00,-533.83 mm
2025-08-04 23:00:00,-532.73 mm
2025-08-05 05:00:00,-531.31 mm
2025-08-05 08:00:00,-531.50 mm
2025-08-05 11:00:00,-531.11 mm
2025-08-05 17:00:00,-530.05 mm
2025-08-05 20:00:00,-528.68 mm
2025-08-05 23:00:00,-528.26 mm
2025-08-06 05:00:00,-527.78 mm
2025-08-06 08:00:00,-528.70 mm
2025-08-06 11:00:00,-528.94 mm
2025-08-06 17:00:00,-528.39 mm
2025-08-06 20:00:00,-526.81 mm
2025-08-06 23:00:00,-526.46 mm
2025-08-07 05:00:00,-526.31 mm
2025-08-07 08:00:00,-527.01 mm
2025-08-07 11:00:00,-527.49 mm
2025-08-07 20:00:00,-526.01 mm
2025-08-07 23:00:00,-525.69 mm
2025-08-08 05:00:00,-525.72 mm
2025-08-08 08:00:00,-526.66 mm
2025-08-08 11:00:00,-527.28 mm
2025-08-08 17:00:00,-527.36 mm
2025-08-08 20:00:00,-526.76 mm
2025-08-08 23:00:00,-527.01 mm
2025-08-09 05:00:00,-526.96 mm
2025-08-09 08:00:00,-528.96 mm
2025-08-09 11:00:00,-530.51 mm
2025-08-09 17:00:00,-530.79 mm
2025-08-09 20:00:00,-530.47 mm
2025-08-09 23:00:00,-530.51 mm
2025-08-10 05:00:00,-531.06 mm
2025-08-10 08:00:00,-534.09 mm
2025-08-10 11:00:00,-535.29 mm
2025-08-10 17:00:00,-536.91 mm
2025-08-10 20:00:00,-536.30 mm
2025-08-10 23:00:00,-537.03 mm
2025-08-11 05:00:00,-538.11 mm
2025-08-11 08:00:00,-540.97 mm
2025-08-11 11:00:00,-543.42 mm
2025-08-11 17:00:00,-544.63 mm
2025-08-11 20:00:00,-543.93 mm
2025-08-11 23:00:00,-544.92 mm
2025-08-12 05:00:00,-545.79 mm
2025-08-12 08:00:00,-548.37 mm
2025-08-12 11:00:00,-551.06 mm
2025-08-12 17:00:00,-552.97 mm
2025-08-12 20:00:00,-552.04 mm
2025-08-12 23:00:00,-553.14 mm
2025-08-13 05:00:00,-554.34 mm
2025-08-13 08:00:00,-557.66 mm
2025-08-13 11:00:00,-560.40 mm
2025-08-13 17:00:00,-561.92 mm
2025-08-13 20:00:00,-561.59 mm
2025-08-13 23:00:00,-562.87 mm
2025-08-14 05:00:00,-564.66 mm
2025-08-14 08:00:00,-567.99 mm
2025-08-14 11:00:00,-570.09 mm
2025-08-14 17:00:00,-571.26 mm
2025-08-14 20:00:00,-572.18 mm
2025-08-14 23:00:00,-574.07 mm
2025-08-15 05:00:00,-575.73 mm
2025-08-15 08:00:00,-578.59 mm
2025-08-15 11:00:00,-581.29 mm
2025-08-15 17:00:00,-582.76 mm
2025-08-15 20:00:00,-583.80 mm
2025-08-15 23:00:00,-585.93 mm
2025-08-16 05:00:00,-587.91 mm
2025-08-16 08:00:00,-589.86 mm
2025-08-16 11:00:00,-592.51 mm
2025-08-16 17:00:00,-594.77 mm
2025-08-16 23:00:00,-596.69 mm
2025-08-17 05:00:00,-598.86 mm
2025-08-17 08:00:00,-601.81 mm
2025-08-17 11:00:00,-604.10 mm
2025-08-17 17:00:00,-605.85 mm
2025-08-17 23:00:00,-607.90 mm
2025-08-18 05:00:00,-609.72 mm
2025-08-18 08:00:00,-612.94 mm
2025-08-18 11:00:00,-616.13 mm
2025-08-18 17:00:00,-617.89 mm
2025-08-18 20:00:00,-617.60 mm
2025-08-18 23:00:00,-619.24 mm
2025-08-19 05:00:00,-620.81 mm
2025-08-19 08:00:00,-624.16 mm
2025-08-19 11:00:00,-627.18 mm
2025-08-19 17:00:00,-628.68 mm
2025-08-19 20:00:00,-628.68 mm
2025-08-19 23:00:00,-629.68 mm
2025-08-20 05:00:00,-631.80 mm
2025-08-20 08:00:00,-634.58 mm
2025-08-20 11:00:00,-636.56 mm
2025-08-20 17:00:00,-638.45 mm
2025-08-20 23:00:00,-639.81 mm
2025-08-21 05:00:00,-640.60 mm
2025-08-21 08:00:00,-643.73 mm
2025-08-21 11:00:00,-645.59 mm
2025-08-21 17:00:00,-647.07 mm
2025-08-21 20:00:00,-647.20 mm
2025-08-21 23:00:00,-648.68 mm
2025-08-22 05:00:00,-650.77 mm
2025-08-22 08:00:00,-653.04 mm
2025-08-22 11:00:00,-654.74 mm
2025-08-22 17:00:00,-656.22 mm
2025-08-22 20:00:00,-656.88 mm
2025-08-22 23:00:00,-658.06 mm
2025-08-23 05:00:00,-659.62 mm
2025-08-23 08:00:00,-661.58 mm
2025-08-23 11:00:00,-663.26 mm
2025-08-23 17:00:00,-663.78 mm
2025-08-23 20:00:00,-664.10 mm
2025-08-23 23:00:00,-664.88 mm
2025-08-24 05:00:00,-665.85 mm
2025-08-24 11:00:00,-670.48 mm
2025-08-24 17:00:00,-671.98 mm
2025-08-24 20:00:00,-671.35 mm
2025-08-24 23:00:00,-672.22 mm
2025-08-25 05:00:00,-673.18 mm
2025-08-25 08:00:00,-675.77 mm
2025-08-25 11:00:00,-677.38 mm
2025-08-25 17:00:00,-679.01 mm
2025-08-25 20:00:00,-678.27 mm
2025-08-25 23:00:00,-678.94 mm
2025-08-26 05:00:00,-679.47 mm
2025-08-26 08:00:00,-681.59 mm
2025-08-26 11:00:00,-683.92 mm
2025-08-26 17:00:00,-684.46 mm
2025-08-26 20:00:00,-684.28 mm
2025-08-26 23:00:00,-685.22 mm
2025-08-27 05:00:00,-685.92 mm
2025-08-27 08:00:00,-688.05 mm
2025-08-27 11:00:00,-689.14 mm
2025-08-27 17:00:00,-690.70 mm
2025-08-27 20:00:00,-668.38 mm
2025-08-27 23:00:00,-669.39 mm
2025-08-28 05:00:00,-671.11 mm
2025-08-28 08:00:00,-673.13 mm
2025-08-28 11:00:00,-675.80 mm
2025-08-28 17:00:00,-675.84 mm
2025-08-28 20:00:00,-677.23 mm
2025-08-28 23:00:00,-678.07 mm
2025-08-29 05:00:00,-679.02 mm
2025-08-29 08:00:00,-681.29 mm
2025-08-29 11:00:00,-683.53 mm
2025-08-29 17:00:00,-683.84 mm
2025-08-29 20:00:00,-684.35 mm
2025-08-30 05:00:00,-686.12 mm
2025-08-30 08:00:00,-688.01 mm
2025-08-30 11:00:00,-689.69 mm
2025-08-30 17:00:00,-690.62 mm
2025-08-30 20:00:00,-690.18 mm
2025-08-30 23:00:00,-690.94 mm
2025-08-31 05:00:00,-691.83 mm
2025-08-31 08:00:00,-693.59 mm
2025-08-31 11:00:00,-694.62 mm
2025-08-31 17:00:00,-695.83 mm
2025-08-31 20:00:00,-695.17 mm
2025-08-31 23:00:00,-696.22 mm
2025-09-01 05:00:00,-696.64 mm
2025-09-01 08:00:00,-697.15 mm
2025-09-01 11:00:00,-697.99 mm
2025-09-01 17:00:00,-698.21 mm
2025-09-01 20:00:00,-697.75 mm
2025-09-01 23:00:00,-697.94 mm
2025-09-02 05:00:00,-698.31 mm
2025-09-02 08:00:00,-699.44 mm
2025-09-02 11:00:00,-700.38 mm
2025-09-02 17:00:00,-700.28 mm
2025-09-02 20:00:00,-699.52 mm
2025-09-02 23:00:00,-700.45 mm
2025-09-03 05:00:00,-700.65 mm
2025-09-03 08:00:00,-701.80 mm
2025-09-03 11:00:00,-702.57 mm
2025-09-03 17:00:00,-702.62 mm
2025-09-03 20:00:00,-702.37 mm
2025-09-03 23:00:00,-702.50 mm
2025-09-04 05:00:00,-702.65 mm
2025-09-04 08:00:00,-703.48 mm
2025-09-04 11:00:00,-704.45 mm
2025-09-04 17:00:00,-704.35 mm
2025-09-04 20:00:00,-703.85 mm
2025-09-04 23:00:00,-704.46 mm
2025-09-05 05:00:00,-704.53 mm
2025-09-05 08:00:00,-705.13 mm
2025-09-05 17:00:00,-705.42 mm
2025-09-05 20:00:00,-705.77 mm
2025-09-05 23:00:00,-705.72 mm
2025-09-06 05:00:00,-706.14 mm
2025-09-06 08:00:00,-707.52 mm
2025-09-06 11:00:00,-709.12 mm
2025-09-06 17:00:00,-709.48 mm
2025-09-06 20:00:00,-707.99 mm
2025-09-06 23:00:00,-708.02 mm
2025-09-07 05:00:00,-708.08 mm
2025-09-07 08:00:00,-709.54 mm
2025-09-07 11:00:00,-711.29 mm
2025-09-07 17:00:00,-710.97 mm
2025-09-07 20:00:00,-710.22 mm
2025-09-06 23:00:00,-708.02 mm
2025-09-07 05:00:00,-708.08 mm
2025-09-07 08:00:00,-709.54 mm
2025-09-07 11:00:00,-711.29 mm
2025-09-07 17:00:00,-710.97 mm
2025-09-07 20:00:00,-710.22 mm
2025-09-07 21:00:00,-710.22 mm
2025-09-08 01:00:00,-709.93 mm
2025-09-08 05:00:00,-709.85 mm
2025-09-08 09:00:00,-711.51 mm
2025-09-08 13:00:00,-712.60 mm
2025-09-08 17:00:00,-712.53 mm
2025-09-08 21:00:00,-712.61 mm
2025-09-09 01:00:00,-712.67 mm
2025-09-09 05:00:00,-713.41 mm
2025-09-09 09:00:00,-713.83 mm
2025-09-09 13:00:00,-714.59 mm
2025-09-09 17:00:00,-714.40 mm
2025-09-09 21:00:00,-714.42 mm
2025-09-10 01:00:00,-714.73 mm
2025-09-10 05:00:00,-714.85 mm
2025-09-10 09:00:00,-715.44 mm
2025-09-10 13:00:00,-716.46 mm
2025-09-10 17:00:00,-717.44 mm
2025-09-10 21:00:00,-715.78 mm
2025-09-11 01:00:00,-716.41 mm
2025-09-11 09:00:00,-718.03 mm
2025-09-11 17:00:00,-718.74 mm
2025-09-11 21:00:00,-717.49 mm
2025-09-12 01:00:00,-718.15 mm
2025-09-12 05:00:00,-718.54 mm
2025-09-12 09:00:00,-719.41 mm
2025-09-12 13:00:00,-720.19 mm
2025-09-12 17:00:00,-720.51 mm
2025-09-12 21:00:00,-720.32 mm
2025-09-13 05:00:00,-721.60 mm
2025-09-13 13:00:00,-724.05 mm
2025-09-13 17:00:00,-724.12 mm
2025-09-13 21:00:00,-714.06 mm
2025-09-14 01:00:00,-714.65 mm
2025-09-14 05:00:00,-715.05 mm
2025-09-14 09:00:00,-715.98 mm
2025-09-14 13:00:00,-717.31 mm
2025-09-14 17:00:00,-717.92 mm
2025-09-14 21:00:00,-717.32 mm
2025-09-15 05:00:00,-718.85 mm
2025-09-15 09:00:00,-707.34 mm
2025-09-15 13:00:00,-707.50 mm
2025-09-15 17:00:00,-708.82 mm
2025-09-15 21:00:00,-708.26 mm
2025-09-16 05:00:00,-709.38 mm
2025-09-16 09:00:00,-709.99 mm
2025-09-16 13:00:00,-710.97 mm
2025-09-16 17:00:00,-711.13 mm
2025-09-16 21:00:00,-711.37 mm
2025-09-17 01:00:00,-711.63 mm
2025-09-17 05:00:00,-711.91 mm
2025-09-17 09:00:00,-712.40 mm
2025-09-17 13:00:00,-713.33 mm
2025-09-17 17:00:00,-713.10 mm
2025-09-17 21:00:00,-713.24 mm
2025-09-18 01:00:00,-713.44 mm
2025-09-18 05:00:00,-713.71 mm
2025-09-18 09:00:00,-713.95 mm
2025-09-18 13:00:00,-714.41 mm
2025-09-18 17:00:00,-714.17 mm
2025-09-18 21:00:00,-714.05 mm
2025-09-19 01:00:00,-713.78 mm
2025-09-19 05:00:00,-713.55 mm
2025-09-19 09:00:00,-713.84 mm
2025-09-19 13:00:00,-714.17 mm
2025-09-19 17:00:00,-713.45 mm
2025-09-19 21:00:00,-711.85 mm
2025-09-20 01:00:00,-711.29 mm
2025-09-20 05:00:00,-710.40 mm
2025-09-20 09:00:00,-710.98 mm
2025-09-20 13:00:00,-711.44 mm
2025-09-20 17:00:00,-709.53 mm
2025-09-20 21:00:00,-708.34 mm
2025-09-21 01:00:00,-707.59 mm
2025-09-21 05:00:00,-706.11 mm
2025-09-21 09:00:00,-704.69 mm
2025-09-21 13:00:00,-704.28 mm
2025-09-21 17:00:00,-703.11 mm
2025-09-21 21:00:00,-701.61 mm
2025-09-22 01:00:00,-700.62 mm
2025-09-22 05:00:00,-699.91 mm
2025-09-22 09:00:00,-700.28 mm
2025-09-22 13:00:00,-700.45 mm
2025-09-22 17:00:00,-700.06 mm
2025-09-22 21:00:00,-697.91 mm
2025-09-23 01:00:00,-697.22 mm
2025-09-23 05:00:00,-696.89 mm
2025-09-23 09:00:00,-697.35 mm
2025-09-23 13:00:00,-698.26 mm
2025-09-23 17:00:00,-697.32 mm
2025-09-23 21:00:00,-695.57 mm
2025-09-24 01:00:00,-694.57 mm
2025-09-24 05:00:00,-693.98 mm
2025-09-24 09:00:00,-694.66 mm
2025-09-24 13:00:00,-695.84 mm
2025-09-24 17:00:00,-695.00 mm
2025-09-25 01:00:00,-693.08 mm
2025-09-25 05:00:00,-692.97 mm
2025-09-25 09:00:00,-693.33 mm
2025-09-25 13:00:00,-694.48 mm
2025-09-25 17:00:00,-693.65 mm
2025-09-25 21:00:00,-693.19 mm
2025-09-26 01:00:00,-692.92 mm
2025-09-26 05:00:00,-692.71 mm
2025-09-26 09:00:00,-693.00 mm
2025-09-26 13:00:00,-693.72 mm
2025-09-26 17:00:00,-693.46 mm
2025-09-26 21:00:00,-692.94 mm
2025-09-27 01:00:00,-692.61 mm
2025-09-27 05:00:00,-692.57 mm
2025-09-27 09:00:00,-692.85 mm
2025-09-27 13:00:00,-693.61 mm
2025-09-27 17:00:00,-693.28 mm
2025-09-27 21:00:00,-692.98 mm
2025-09-28 01:00:00,-692.73 mm
2025-09-28 05:00:00,-692.65 mm
2025-09-28 09:00:00,-692.99 mm
2025-09-28 13:00:00,-693.75 mm
2025-09-28 17:00:00,-693.31 mm
2025-09-28 21:00:00,-693.01 mm
2025-09-29 01:00:00,-692.93 mm
2025-09-29 05:00:00,-692.90 mm
2025-09-29 09:00:00,-693.14 mm
2025-09-29 13:00:00,-693.91 mm
2025-09-29 17:00:00,-693.49 mm
2025-09-29 21:00:00,-692.97 mm
2025-09-30 01:00:00,-693.11 mm
2025-09-30 05:00:00,-693.02 mm
2025-09-30 09:00:00,-693.50 mm
2025-09-30 13:00:00,-694.44 mm
2025-09-30 17:00:00,-694.06 mm
2025-09-30 21:00:00,-692.74 mm
2025-10-01 01:00:00,-692.55 mm
2025-10-01 05:00:00,-692.43 mm
2025-10-01 09:00:00,-693.07 mm
2025-10-01 13:00:00,-695.31 mm
2025-10-01 17:00:00,-695.06 mm
2025-10-01 21:00:00,-693.79 mm
2025-10-02 01:00:00,-693.65 mm
2025-10-02 05:00:00,-693.69 mm
2025-10-02 09:00:00,-694.42 mm
2025-10-02 13:00:00,-696.76 mm
2025-10-02 17:00:00,-696.66 mm
2025-10-02 21:00:00,-695.20 mm
2025-10-03 01:00:00,-695.10 mm
2025-10-03 05:00:00,-696.05 mm
2025-10-03 09:00:00,-696.82 mm
2025-10-03 13:00:00,-697.68 mm
2025-10-03 17:00:00,-697.46 mm
2025-10-03 21:00:00,-697.48 mm
2025-10-04 01:00:00,-696.95 mm
2025-10-04 05:00:00,-697.01 mm
2025-10-04 09:00:00,-696.77 mm
2025-10-04 13:00:00,-678.00 mm
2025-10-04 17:00:00,-666.00 mm
2025-10-04 21:00:00,-666.49 mm
2025-10-05 01:00:00,-666.51 mm
2025-10-05 05:00:00,-666.25 mm
2025-10-05 09:00:00,-666.32 mm
2025-10-05 13:00:00,-666.79 mm
2025-10-05 17:00:00,-666.33 mm
2025-10-05 21:00:00,-666.21 mm
2025-10-06 01:00:00,-665.98 mm
2025-10-06 05:00:00,-665.24 mm
2025-10-06 09:00:00,-665.11 mm
2025-10-06 13:00:00,-664.64 mm
2025-10-06 17:00:00,-664.05 mm
2025-10-06 21:00:00,-663.06 mm
2025-10-07 01:00:00,-662.02 mm
2025-10-07 05:00:00,-660.91 mm
2025-10-07 09:00:00,-659.78 mm
2025-10-07 13:00:00,-659.09 mm
2025-10-07 17:00:00,-657.24 mm
2025-10-07 21:00:00,-655.47 mm
2025-10-08 01:00:00,-653.72 mm
2025-10-08 05:00:00,-651.85 mm
2025-10-08 09:00:00,-649.82 mm
2025-10-08 13:00:00,-648.19 mm
2025-10-08 17:00:00,-645.98 mm
2025-10-08 21:00:00,-643.92 mm
2025-10-09 01:00:00,-641.51 mm
2025-10-09 05:00:00,-639.55 mm
2025-10-09 09:00:00,-637.67 mm
2025-10-09 13:00:00,-635.79 mm
2025-10-09 17:00:00,-633.69 mm
2025-10-09 21:00:00,-631.76 mm
2025-10-10 01:00:00,-629.88 mm
2025-10-10 05:00:00,-628.05 mm
2025-10-10 09:00:00,-626.57 mm
2025-10-10 13:00:00,-625.19 mm
2025-10-10 17:00:00,-623.87 mm
2025-10-10 21:00:00,-622.00 mm
2025-10-11 01:00:00,-620.98 mm
2025-10-11 05:00:00,-619.68 mm
2025-10-11 09:00:00,-618.53 mm
2025-10-11 13:00:00,-617.76 mm
2025-10-11 17:00:00,-616.33 mm
2025-10-11 21:00:00,-615.04 mm
2025-10-12 01:00:00,-613.87 mm
2025-10-12 05:00:00,-612.70 mm
2025-10-12 09:00:00,-611.79 mm
2025-10-12 13:00:00,-610.77 mm
2025-10-12 17:00:00,-609.62 mm
2025-10-12 21:00:00,-608.52 mm
2025-10-13 01:00:00,-607.45 mm
2025-10-13 05:00:00,-606.35 mm
2025-10-13 09:00:00,-605.46 mm
2025-10-13 13:00:00,-604.90 mm
2025-10-13 17:00:00,-603.97 mm
2025-10-13 21:00:00,-601.90 mm
2025-10-14 01:00:00,-601.13 mm
2025-10-14 05:00:00,-601.15 mm
2025-10-14 09:00:00,-600.65 mm
2025-10-14 13:00:00,-600.42 mm
2025-10-14 17:00:00,-599.46 mm
2025-10-14 21:00:00,-598.60 mm
2025-10-15 01:00:00,-597.86 mm
2025-10-15 05:00:00,-597.40 mm
2025-10-15 09:00:00,-596.98 mm
2025-10-15 13:00:00,-596.80 mm
2025-10-15 17:00:00,-596.13 mm
2025-10-15 21:00:00,-595.39 mm
2025-10-16 01:00:00,-594.20 mm
2025-10-16 05:00:00,-594.05 mm
2025-10-16 09:00:00,-593.61 mm
2025-10-16 13:00:00,-593.24 mm
2025-10-16 17:00:00,-592.42 mm
2025-10-16 21:00:00,-591.54 mm
2025-10-17 01:00:00,-590.72 mm
2025-10-17 05:00:00,-589.88 mm
2025-10-17 09:00:00,-589.28 mm
2025-10-17 13:00:00,-588.26 mm
2025-10-17 17:00:00,-587.57 mm
2025-10-17 21:00:00,-586.40 mm
2025-10-18 01:00:00,-585.46 mm
2025-10-18 05:00:00,-583.70 mm
2025-10-18 09:00:00,-583.24 mm
2025-10-18 13:00:00,-584.46 mm
2025-10-18 17:00:00,-582.84 mm
2025-10-19 01:00:00,-580.87 mm
2025-10-19 05:00:00,-579.93 mm
2025-10-19 09:00:00,-579.33 mm
2025-10-19 13:00:00,-579.53 mm
2025-10-19 21:00:00,-576.24 mm
2025-10-20 01:00:00,-575.33 mm
2025-10-20 05:00:00,-574.66 mm
2025-10-20 09:00:00,-573.94 mm
2025-10-20 13:00:00,-573.15 mm
2025-10-20 17:00:00,-572.19 mm
2025-10-20 21:00:00,-570.58 mm
2025-10-21 01:00:00,-570.22 mm
2025-10-21 05:00:00,-569.42 mm
2025-10-21 09:00:00,-568.70 mm
2025-10-21 13:00:00,-568.27 mm
2025-10-21 17:00:00,-567.52 mm
2025-10-21 21:00:00,-566.84 mm
2025-10-22 01:00:00,-566.25 mm
2025-10-22 05:00:00,-565.56 mm
2025-10-22 09:00:00,-564.76 mm
2025-10-22 13:00:00,-564.25 mm
2025-10-22 17:00:00,-562.83 mm
2025-10-22 21:00:00,-559.94 mm
2025-10-23 01:00:00,-556.83 mm
2025-10-23 05:00:00,-553.31 mm
2025-10-23 09:00:00,-547.94 mm
2025-10-23 13:00:00,-540.73 mm
2025-10-23 17:00:00,-532.24 mm
2025-10-23 21:00:00,-524.89 mm
2025-10-24 01:00:00,-517.50 mm
2025-10-24 05:00:00,-511.59 mm
2025-10-24 09:00:00,-504.47 mm
2025-10-24 13:00:00,-501.28 mm
2025-10-24 17:00:00,-498.50 mm
2025-10-24 21:00:00,-497.40 mm
2025-10-25 01:00:00,-495.90 mm
2025-10-25 05:00:00,-494.69 mm
2025-10-25 09:00:00,-493.84 mm
2025-10-25 13:00:00,-492.90 mm
2025-10-25 17:00:00,-492.21 mm
2025-10-25 21:00:00,-491.43 mm
2025-10-26 01:00:00,-491.08 mm
2025-10-26 04:00:00,-490.68 mm
2025-10-26 08:00:00,-344.32 mm
2025-10-26 16:00:00,-276.31 mm
2025-10-26 20:00:00,-261.03 mm
2025-10-27 00:00:00,-266.15 mm
2025-10-27 04:00:00,-253.31 mm
2025-10-27 08:00:00,-176.73 mm
2025-10-27 12:00:00,-190.23 mm
2025-10-27 16:00:00,-178.67 mm
2025-10-27 20:00:00,-192.13 mm
2025-10-28 00:00:00,-205.81 mm
2025-10-28 08:00:00,-167.30 mm
2025-10-28 12:00:00,-164.78 mm
2025-10-28 16:00:00,-180.73 mm
2025-10-28 20:00:00,-193.61 mm
2025-10-29 00:00:00,-203.70 mm
2025-10-29 08:00:00,-220.14 mm
2025-10-29 12:00:00,-227.01 mm
2025-10-29 16:00:00,-234.38 mm
2025-10-29 20:00:00,-239.36 mm
2025-10-30 00:00:00,-242.15 mm
2025-10-30 04:00:00,-136.19 mm
2025-10-30 08:00:00,-135.65 mm
2025-10-30 16:00:00,-163.49 mm
2025-10-30 20:00:00,-174.78 mm
2025-10-31 00:00:00,-183.64 mm
2025-10-31 04:00:00,-190.31 mm
2025-10-31 08:00:00,-195.91 mm
2025-10-31 12:00:00,-198.79 mm
2025-10-31 16:00:00,-203.78 mm
2025-10-31 20:00:00,-209.48 mm
2025-11-01 00:00:00,-215.42 mm
2025-11-01 04:00:00,-218.82 mm
2025-11-01 08:00:00,-222.62 mm
2025-11-01 12:00:00,-222.69 mm
2025-11-01 16:00:00,-163.46 mm
2025-11-01 20:00:00,-177.08 mm
2025-11-02 00:00:00,-185.73 mm
2025-11-02 04:00:00,-192.22 mm
2025-11-02 08:00:00,-196.69 mm
2025-11-02 12:00:00,-200.48 mm
2025-11-02 16:00:00,-208.89 mm
2025-11-02 20:00:00,-217.25 mm
2025-11-03 00:00:00,-222.58 mm
2025-11-03 04:00:00,-226.81 mm
2025-11-03 08:00:00,-232.26 mm
2025-11-03 12:00:00,-234.77 mm
2025-11-03 16:00:00,-239.16 mm
2025-11-03 20:00:00,-243.97 mm
2025-11-04 00:00:00,-247.82 mm
2025-11-04 04:00:00,-250.61 mm
2025-11-04 08:00:00,-253.81 mm
2025-11-04 12:00:00,-257.66 mm
2025-11-04 16:00:00,-263.04 mm
2025-11-04 20:00:00,-267.19 mm
2025-11-05 00:00:00,-270.03 mm
2025-11-05 04:00:00,-272.95 mm
2025-11-05 08:00:00,-276.24 mm
2025-11-05 12:00:00,-279.93 mm
2025-11-05 16:00:00,-283.91 mm
2025-11-05 20:00:00,-286.72 mm
2025-11-06 04:00:00,-291.17 mm
2025-11-06 08:00:00,-293.31 mm
2025-11-06 12:00:00,-296.25 mm
2025-11-06 16:00:00,-295.43 mm
2025-11-06 20:00:00,-297.31 mm
2025-11-07 00:00:00,-299.58 mm
2025-11-07 04:00:00,-302.01 mm
2025-11-07 08:00:00,-304.61 mm
2025-11-07 12:00:00,-305.29 mm
2025-11-07 16:00:00,-304.23 mm
2025-11-07 20:00:00,-305.02 mm
2025-11-08 00:00:00,-306.08 mm
2025-11-08 04:00:00,-307.10 mm
2025-11-08 12:00:00,-309.55 mm
2025-11-08 16:00:00,-310.29 mm
2025-11-08 20:00:00,-311.94 mm
2025-11-09 00:00:00,-313.42 mm
2025-11-09 04:00:00,-314.51 mm
2025-11-09 08:00:00,-315.80 mm
2025-11-09 12:00:00,-316.26 mm
2025-11-09 16:00:00,-315.84 mm
2025-11-09 20:00:00,-317.21 mm
2025-11-10 00:00:00,-318.98 mm
2025-11-10 04:00:00,-321.99 mm
2025-11-10 08:00:00,-322.88 mm
2025-11-10 12:00:00,-323.59 mm
2025-11-10 16:00:00,-322.20 mm
2025-11-10 20:00:00,-323.91 mm
2025-11-11 00:00:00,-326.06 mm
2025-11-11 04:00:00,-321.61 mm
2025-11-11 08:00:00,-317.59 mm
2025-11-11 12:00:00,-317.75 mm
2025-11-11 16:00:00,-319.67 mm
2025-11-11 20:00:00,-323.47 mm
2025-11-12 00:00:00,-327.06 mm
2025-11-12 04:00:00,-328.88 mm
2025-11-12 08:00:00,-330.10 mm
2025-11-12 12:00:00,-331.83 mm
2025-11-12 16:00:00,-333.08 mm
2025-11-12 20:00:00,-335.88 mm
2025-11-13 00:00:00,-338.06 mm
2025-11-13 04:00:00,-339.43 mm
2025-11-13 08:00:00,-341.06 mm
2025-11-13 12:00:00,-343.65 mm
2025-11-13 16:00:00,-346.30 mm
2025-11-13 20:00:00,-349.04 mm
2025-11-14 00:00:00,-350.38 mm
2025-11-14 04:00:00,-343.24 mm
2025-11-14 08:00:00,-331.57 mm
2025-11-14 12:00:00,-310.31 mm
2025-11-14 16:00:00,-287.79 mm
2025-11-14 20:00:00,-195.80 mm
2025-11-15 00:00:00,-201.67 mm
2025-11-15 04:00:00,-204.87 mm
2025-11-15 08:00:00,-154.93 mm
2025-11-15 12:00:00,-143.88 mm
2025-11-15 16:00:00,-155.13 mm
2025-11-15 20:00:00,-159.87 mm
2025-11-16 00:00:00,-149.26 mm
2025-11-16 04:00:00,-155.17 mm
2025-11-16 08:00:00,-136.04 mm
2025-11-16 12:00:00,-146.58 mm
2025-11-16 16:00:00,-153.07 mm
2025-11-16 20:00:00,-160.76 mm
2025-11-17 00:00:00,-168.28 mm
2025-11-17 04:00:00,-156.30 mm
2025-11-17 08:00:00,-151.49 mm
2025-11-17 12:00:00,-139.23 mm
2025-11-17 16:00:00,-143.10 mm
2025-11-17 20:00:00,-152.62 mm
2025-11-18 00:00:00,-159.70 mm
2025-11-18 04:00:00,-164.51 mm
2025-11-18 08:00:00,-167.17 mm
2025-11-18 12:00:00,-170.87 mm
2025-11-18 16:00:00,-172.33 mm
2025-11-18 20:00:00,-175.01 mm
2025-11-19 00:00:00,-177.81 mm
2025-11-19 04:00:00,-179.91 mm
2025-11-19 08:00:00,-182.13 mm
2025-11-19 16:00:00,-188.48 mm
2025-11-19 20:00:00,-191.21 mm
2025-11-20 00:00:00,-186.35 mm
2025-11-20 04:00:00,-184.94 mm
2025-11-20 08:00:00,-192.98 mm
2025-11-20 12:00:00,-196.50 mm
2025-11-20 16:00:00,-201.15 mm
2025-11-20 20:00:00,-211.20 mm
2025-11-21 00:00:00,-215.33 mm
2025-11-21 04:00:00,-226.85 mm
2025-11-21 08:00:00,-244.03 mm
2025-11-21 12:00:00,-257.59 mm
2025-11-21 16:00:00,-252.18 mm
2025-11-21 20:00:00,-256.88 mm
2025-11-22 00:00:00,-265.24 mm
2025-11-22 04:00:00,-273.18 mm
2025-11-22 08:00:00,-284.10 mm
2025-11-22 12:00:00,-287.64 mm
2025-11-22 16:00:00,-279.79 mm
2025-11-22 20:00:00,-277.82 mm
2025-11-23 04:00:00,-299.94 mm
2025-11-23 12:00:00,-314.62 mm
2025-11-23 16:00:00,-309.83 mm
2025-11-23 20:00:00,-303.19 mm
2025-11-24 00:00:00,-296.66 mm
2025-11-24 04:00:00,-285.04 mm
2025-11-24 08:00:00,-264.16 mm
2025-11-24 12:00:00,-239.15 mm
2025-11-24 16:00:00,-185.08 mm
2025-11-24 20:00:00,-166.13 mm
2025-11-25 00:00:00,-173.47 mm
2025-11-25 04:00:00,-180.64 mm
2025-11-25 08:00:00,-187.12 mm
2025-11-25 12:00:00,-185.25 mm
2025-11-25 16:00:00,-183.89 mm
2025-11-25 20:00:00,-188.96 mm
2025-11-26 00:00:00,-190.00 mm
2025-11-26 04:00:00,-185.41 mm
2025-11-26 08:00:00,-188.73 mm
2025-11-26 12:00:00,-192.64 mm
2025-11-26 16:00:00,-195.24 mm
2025-11-26 20:00:00,-200.60 mm
2025-11-27 00:00:00,-204.66 mm
2025-11-27 04:00:00,-206.32 mm
2025-11-27 08:00:00,-208.44 mm
2025-11-27 12:00:00,-203.50 mm
2025-11-27 16:00:00,-161.17 mm
2025-11-27 20:00:00,-169.32 mm
2025-11-28 00:00:00,-174.07 mm
2025-11-28 04:00:00,-176.82 mm
2025-11-28 08:00:00,-169.22 mm
2025-11-28 12:00:00,-171.75 mm
2025-11-28 16:00:00,-174.00 mm
2025-11-28 20:00:00,-162.21 mm
2025-11-29 00:00:00,-168.03 mm
2025-11-29 04:00:00,-171.91 mm
2025-11-29 08:00:00,-175.09 mm
2025-11-29 12:00:00,-176.80 mm
2025-11-29 16:00:00,-179.89 mm
2025-11-29 20:00:00,-182.95 mm
2025-11-30 00:00:00,-184.82 mm
2025-11-30 04:00:00,-182.66 mm
2025-11-30 08:00:00,-188.19 mm
2025-11-30 16:00:00,-195.84 mm
2025-12-01 00:00:00,-207.84 mm
2025-12-01 08:00:00,-213.33 mm
2025-12-01 16:00:00,-216.38 mm
2025-12-01 20:00:00,-220.55 mm
2025-12-02 00:00:00,-225.39 mm
2025-12-02 04:00:00,-229.39 mm
2025-12-02 20:00:00,-232.39 mm
2025-12-03 00:00:00,-234.28 mm
2025-12-03 04:00:00,-233.03 mm
2025-12-03 20:00:00,-234.45 mm
2025-12-04 16:00:00,-181.35 mm
2025-12-04 20:00:00,-189.21 mm
2025-12-05 08:00:00,-206.27 mm
2025-12-05 12:00:00,-201.97 mm
2025-12-05 16:00:00,-204.36 mm
2025-12-06 00:00:00,-209.61 mm
2025-12-06 12:00:00,-169.12 mm
2025-12-06 16:00:00,-175.80 mm
2025-12-07 04:00:00,-145.32 mm
2025-12-07 08:00:00,-155.22 mm
2025-12-07 12:00:00,-160.39 mm
2025-12-08 00:00:00,-109.80 mm
2025-12-08 08:00:00,-126.42 mm
2025-12-08 16:00:00,-126.47 mm
2025-12-08 16:30:00,-126.47 mm
2025-12-08 20:30:00,-121.80 mm
2025-12-09 00:30:00,-100.18 mm
2025-12-09 04:30:00,-106.37 mm
2025-12-09 08:30:00,-110.44 mm
2025-12-09 12:30:00,-99.95 mm
2025-12-09 16:30:00,-107.18 mm
2025-12-09 20:30:00,-111.64 mm
2025-12-10 00:30:00,-115.78 mm
2025-12-10 04:30:00,-118.83 mm
2025-12-10 08:30:00,-122.50 mm
2025-12-10 12:30:00,-125.25 mm
2025-12-10 16:30:00,-129.15 mm
2025-12-10 20:30:00,-132.16 mm
2025-12-11 00:30:00,-134.76 mm
2025-12-11 04:30:00,-136.84 mm
2025-12-11 08:30:00,-138.85 mm
2025-12-11 12:30:00,-139.86 mm
2025-12-11 16:30:00,-142.84 mm
2025-12-11 20:30:00,-145.33 mm
2025-12-12 00:30:00,-147.83 mm
2025-12-12 04:30:00,-150.43 mm
2025-12-12 08:30:00,-153.00 mm
2025-12-12 12:30:00,-149.74 mm
2025-12-12 16:30:00,-151.58 mm
2025-12-12 20:30:00,-153.82 mm
